Position,Score
1,0.6507
2,0.1748
3,0.1936
4,0.2236
5,0.3179
6,0.2671
7,0.263
8,0.2058
9,0.1317
10,0.2295
11,0.2581
12,0.4677
13,0.4093
14,0.6364
15,0.289
16,0.2217
17,0.3471
18,0.2405
19,0.211
20,0.27
21,0.3407
22,0.3321
23,0.1921
24,0.4362
25,0.1302
26,0.13
27,0.1814
28,0.2127
29,0.1591
30,0.2063
31,0.1226
32,0.1691
33,0.1716
34,0.1268
35,0.2305
36,0.102
37,0.1295
38,0.54
39,0.2481
40,0.1185
41,0.7552
42,0.1873
43,0.2011
44,0.1188
45,0.1679
46,0.2383
47,0.4264
48,0.1944
49,0.1962
50,0.3278
51,0.2652
52,0.289
53,0.2662
54,0.2856
55,0.2567
56,0.4105
57,0.3095
58,0.3944
59,0.3466
60,0.2731
61,0.7054
62,0.9766
63,0.2461
64,0.5409
65,0.5276
66,0.3735
67,0.2325
68,0.2792
69,0.342
70,0.1652
71,0.1736
72,0.1636
73,0.2942
74,0.3348
75,0.7391
76,0.3089
77,0.4148
78,0.474
79,0.2918
80,0.3578
81,0.2346
82,0.483
83,0.4935
84,0.2382
85,0.485
86,0.9291
87,0.6607
88,0.2477
89,0.4516
90,0.8801
91,0.5515
92,0.4613
93,0.2221
94,0.2189
95,0.2766
96,0.1746
97,0.2568
98,0.279
99,0.7495
100,0.2671
101,0.1761
102,0.3059
103,0.2694
104,0.298
105,0.1524
106,0.3078
107,0.4013
108,0.1998
109,0.1722
110,0.3184
111,0.1404
112,0.1903
113,0.3691
114,0.5435
115,0.4645
116,0.1118
117,0.158
118,0.2497
119,0.9162
120,0.2281
121,0.2727
122,0.2407
123,0.1609
124,0.3882
125,0.342
126,0.3237
127,0.3005
128,0.1917
129,0.2759
130,0.1733
131,0.2298
132,0.2917
133,0.2552
134,0.1699
135,0.2971
136,0.5388
137,0.3181
138,0.2978
139,0.2798
140,0.7709
141,0.2241
142,0.3477
143,0.4683
144,0.4764
145,0.2174
146,0.7249
147,0.9309
148,0.7065
149,0.2725
150,0.5832
151,0.6014
152,0.351
153,0.2619
154,0.7235
155,0.4974
156,0.2277
157,0.4984
158,0.1513
159,0.1468
160,0.3127
161,0.4317
162,0.419
163,0.2219
164,0.2611
165,0.2279
166,0.4199
167,0.1225
168,0.1744
169,0.2523
170,0.3135
171,0.2512
172,0.181
173,0.226
174,0.8427
175,0.296
176,0.2889
177,0.368
178,0.2329
179,0.3599
180,0.194
181,0.3823
182,0.3093
183,0.4842
184,0.3042
185,0.2758
186,0.2015
187,0.2344
188,0.1495
189,0.102
190,0.1731
191,0.1831
192,0.1324
193,0.2731
194,0.2048
195,0.1787
196,0.2425
197,0.2411
198,0.2359
199,0.2011
200,0.6861
201,1
202,0.2547
203,0.2639
204,0.5886
205,0.3945
206,0.2617
207,0.2773
208,0.4186
209,0.239
210,0.2086
211,0.3333
212,0.8779
213,0.1655
214,0.2284
215,0.6643
216,0.2836
217,0.1801
218,0.2305
219,0.307
220,0.2658
221,0.2614
222,0.1233
223,0.2161
224,0.503
225,0.1836
226,0.2642
227,0.1778
228,0.2127
229,0.3938
230,0.2623
231,0.2907
232,0.3211
233,0.3571
234,0.1771
235,0.1558
236,0.1283
237,0.2539
238,0.2108
239,0.3725
240,0.2734
241,0.6418
242,0.4067
243,0.4555
244,0.2098
245,0.2533
246,0.4577
247,0.3075
248,0.1466
249,0.2129
250,0.2404
251,0.3241
252,0.1947
253,0.3814
254,0.607
255,0.1987
256,0.4106
257,0.5349
258,0.5814
259,0.2755
260,0.7941
261,0.2976
262,0.211
263,0.2348
264,0.8932
265,0.9417
266,0.5588
267,0.9118
268,0.2268
269,0.235
270,0.1477
271,0.2138
272,0.1508
273,0.6818
274,0.1189
275,0.1882
276,0.1891
277,0.3842
278,0.2898
279,0.5127
280,0.1424
281,0.2154
282,0.2132
283,0.1919
284,0.1667
285,0.1962
286,0.2896
287,0.252
288,0.2298
289,0.2058
290,0.4647
291,0.3844
292,0.3013
293,0.1872
294,0.472
295,0.4415
296,0.2827
297,0.4067
298,0.8101
299,0.956
300,0.3192
301,0.6249
302,0.9121
303,0.2533
304,0.3518
305,0.2856
306,0.4441
307,0.3503
308,0.2008
309,0.509
310,0.5116
311,0.1734
312,0.3686
313,0.3659
314,0.2242
315,0.2351
316,0.271
317,0.4659
318,0.1415
319,0.2713
320,0.1114
321,0.1075
322,0.1597
323,0.1223
324,0.0867
325,0.1496
326,0.3026
327,0.3706
328,0.3051
329,0.1515
330,0.1283
331,0.2943
332,0.1443
